-- phpMyAdmin SQL Dump
-- version 4.0.4
-- http://www.phpmyadmin.net
--
-- โฮสต์: localhost
-- เวลาในการสร้าง: 
-- เวอร์ชั่นของเซิร์ฟเวอร์: 5.6.12-log
-- รุ่นของ PHP: 5.4.3

SET SQL_MODE = "NO_AUTO_VALUE_ON_ZERO";
SET time_zone = "+00:00";


/*!40101 SET @OLD_CHARACTER_SET_CLIENT=@@CHARACTER_SET_CLIENT */;
/*!40101 SET @OLD_CHARACTER_SET_RESULTS=@@CHARACTER_SET_RESULTS */;
/*!40101 SET @OLD_COLLATION_CONNECTION=@@COLLATION_CONNECTION */;
/*!40101 SET NAMES utf8 */;

--
-- ฐานข้อมูล: `itdev`
--
CREATE DATABASE IF NOT EXISTS `itdev` DEFAULT CHARACTER SET utf8 COLLATE utf8_general_ci;
USE `itdev`;

-- --------------------------------------------------------

--
-- โครงสร้างตาราง `club`
--

CREATE TABLE IF NOT EXISTS `club` (
  `club_id` int(10) unsigned NOT NULL AUTO_INCREMENT,
  `club_name_th` varchar(100) DEFAULT NULL,
  `club_name_en` varchar(100) DEFAULT NULL,
  `club_desc_th` text,
  `club_desc_en` text,
  `cgrp_id` int(10) unsigned NOT NULL,
  PRIMARY KEY (`club_id`)
) ENGINE=MyISAM  DEFAULT CHARSET=utf8 AUTO_INCREMENT=39 ;

--
-- dump ตาราง `club`
--

INSERT INTO `club` (`club_id`, `club_name_th`, `club_name_en`, `club_desc_th`, `club_desc_en`, `cgrp_id`) VALUES
(1, 'ชมรมวิชาชีพครูการก่อสร้าง', '', '', '', 1),
(2, 'ชมรมครูช่างยนต์', '', '', '', 1),
(3, 'ชมรมวิชาชีพเทคโนโลยีตัวถังและสีรถยนต์', '', '', '', 1),
(4, 'ชมรมวิชาชีพครูผู้สอนเทคโนโลยีซีเอ็นซี', '', '', '', 1),
(5, 'ชมรมวิชาชีพครูผู้สอนคอมพิวเตอร์และเทคโนโลยีสารสนเทศ', '', '', '', 1),
(6, 'ชมรมครูช่างกลโรงงานและเทคนิคการผลิต', '', '', '', 1),
(7, 'ชมรมวิชาชีพครูช่างเครื่องทำความเย็นและปรับอากาศ', '', '', '', 1),
(8, 'ชมรมเครือข่ายครูผู้พัฒนาเทคโนโลยีไฮบริด', '', '', '', 1),
(9, 'ชมรมครูวิชาชีพช่างไฟฟ้า', '', '', '', 1),
(10, 'ชมรมครูและผู้ประกอบการด้านอิเล็กทรอนิกส์และโทรคมนาคม', '', '', '', 1),
(11, 'ชมรมครูผู้ตรวจสอบพัสดุ', '', '', '', 1),
(12, 'ชมรมช่างกลเกษตร', '', '', '', 2),
(13, 'ชมรมเทคโนโลยีพลังงานทดแทน', '', '', '', 2),
(14, 'ชมรมวิชาชีพอุตสาหกรรมเกษตร', '', '', '', 2),
(15, 'ชมรมวิชาชีพประมง', '', '', '', 2),
(16, 'ชมรมวิชาชีพสัตวศาสตร์', '', '', '', 2),
(17, 'ชมรมวิชาชีพภูมิทัศน์', '', '', '', 2),
(18, 'ชมรมวิชาชีพพืชศาสตร์', '', '', '', 2),
(19, 'ชมรมวิชาชีพบริหารธุรกิจเกษตร', '', '', '', 2),
(20, 'ชมรมวิชาชีพพืชไร่-นา', '', '', '', 2),
(21, 'ชมรมครูบูรณาการการจัดการเรียนการสอนวิชาชีพเกษตร', '', '', '', 2),
(22, 'ชมรมวิชาชีพการโรงแรมและการท่องเที่ยว', '', '', '', 3),
(23, 'ชมรมวิชาชีพครูบัญชี', '', '', '', 3),
(24, 'ชมรมวิชาชีพครูการตลาด', '', '', '', 3),
(25, 'ชมรมวิชาชีพครูเลขานุการ', '', '', '', 3),
(26, 'ชมรมวิชาชีพครูอาหาร', '', '', '', 3),
(27, 'ชมรมวิชาชีพครูผ้าและเครื่องแต่งกาย', '', '', '', 3),
(28, 'ชมรมครูศิลปกรรมอาชีวศึกษา', '', '', '', 3),
(29, 'ชมรมครูคณิตศาสตร์อาชีวศึกษา', '', '', '', 4),
(30, 'ชมรมครูวิทยาศาสตร์อาชีวศึกษา', '', '', '', 4),
(31, 'ชมรมครูสอนภาษาจีน', '', '', '', 4),
(32, 'ชมรมครูสังคมอาชีวศึกษา', '', '', '', 4),
(33, 'ชมรมครูภาษาอังกฤษอาชีวศึกษา', '', '', '', 4),
(34, 'ชมรมครูภาษาไทยอาชีวศึกษา', '', '', '', 4),
(35, 'ชมรมครูพลศึกษาและสุขศึกษา สอศ', '', '', '', 4),
(36, 'ชมรมวิชาชีพการพัฒนาเทคโนโลยีเพื่อการบริหารจัดการสารสนเทศบนระบบเครือข่าย', '', '', '', 5),
(37, 'ชมรมถ่ายภาพเพื่อการพัฒนาการเรียนการสอน', '', '', '', 5),
(38, 'ชมรมวิชาชีพครูเทคโนโลยีทางการศึกษา', '', '', '', 5);

-- --------------------------------------------------------

--
-- โครงสร้างตาราง `club_group`
--

CREATE TABLE IF NOT EXISTS `club_group` (
  `cgrp_id` int(10) unsigned NOT NULL AUTO_INCREMENT,
  `cgrp_name_th` varchar(100) DEFAULT NULL,
  `cgrp_name_en` varchar(100) DEFAULT NULL,
  `cgrp_desc_th` text,
  `cgrp_desc_en` text,
  `cgrp_order` int(10) unsigned DEFAULT NULL,
  PRIMARY KEY (`cgrp_id`)
) ENGINE=MyISAM  DEFAULT CHARSET=utf8 AUTO_INCREMENT=6 ;

--
-- dump ตาราง `club_group`
--

INSERT INTO `club_group` (`cgrp_id`, `cgrp_name_th`, `cgrp_name_en`, `cgrp_desc_th`, `cgrp_desc_en`, `cgrp_order`) VALUES
(1, 'ประเภทกลุ่มวิชาชีพด้านอุตสาหกรรม', 'industrial', '', '', 1),
(2, 'ประเภทกลุ่มวิชาชีพด้านเกษตรและประมง', 'Agricultural', '', '', 2),
(3, 'ประเภทกลุ่มวิชาชีพด้านธุรกิจและบริการ', 'business', '', '', 3),
(4, 'ประเภทกลุ่มวิชาหมวดทักษะชีวิต', 'lifeskill', '', '', 4),
(5, 'ประเภทกลุ่มด้านสื่อนวัตกรรมการจัดการเรียนการสอน', 'inovation', '', '', 5);

-- --------------------------------------------------------

--
-- โครงสร้างตาราง `club_member`
--

CREATE TABLE IF NOT EXISTS `club_member` (
  `club_id` int(10) unsigned NOT NULL,
  `mem_id` int(10) unsigned NOT NULL,
  `fis_year` int(10) unsigned NOT NULL,
  PRIMARY KEY (`club_id`,`mem_id`,`fis_year`)
) ENGINE=InnoDB DEFAULT CHARSET=utf8;

-- --------------------------------------------------------

--
-- โครงสร้างตาราง `club_position`
--

CREATE TABLE IF NOT EXISTS `club_position` (
  `cp_id` int(10) unsigned NOT NULL AUTO_INCREMENT,
  `club_id` int(10) unsigned DEFAULT NULL,
  `pos_id` int(10) unsigned DEFAULT NULL,
  `mem_id` int(10) unsigned DEFAULT NULL,
  `fis_year` int(10) unsigned DEFAULT NULL,
  PRIMARY KEY (`cp_id`),
  UNIQUE KEY `uk_club_position` (`club_id`,`pos_id`,`mem_id`,`fis_year`)
) ENGINE=MyISAM DEFAULT CHARSET=utf8 AUTO_INCREMENT=1 ;

-- --------------------------------------------------------

--
-- โครงสร้างตาราง `member`
--

CREATE TABLE IF NOT EXISTS `member` (
  `mem_id` int(10) unsigned NOT NULL AUTO_INCREMENT,
  `mem_user` varchar(20) DEFAULT NULL,
  `mem_pass` varchar(100) DEFAULT NULL,
  `mem_fname_th` varchar(100) DEFAULT NULL,
  `mem_fname_en` varchar(100) DEFAULT NULL,
  `mem_lname_th` varchar(100) DEFAULT NULL,
  `mem_lname_en` varchar(100) DEFAULT NULL,
  `mem_disp_name` varchar(20) DEFAULT NULL,
  `mem_birth` date DEFAULT NULL,
  `mem_nation` varchar(20) DEFAULT NULL,
  `mem_race` varchar(20) DEFAULT NULL,
  `mem_religion` varchar(20) DEFAULT NULL,
  `mem_nation_id` varchar(15) DEFAULT NULL,
  `mem_position` varchar(20) DEFAULT NULL,
  `mem_org_name` varchar(100) DEFAULT NULL,
  `mem_org_prov` varchar(15) DEFAULT NULL,
  `mem_email` varchar(100) DEFAULT NULL,
  `mem_mobile` char(10) DEFAULT NULL,
  `mem_tel` varchar(20) DEFAULT NULL,
  `mem_fax` varchar(20) DEFAULT NULL,
  `mem_teach` text,
  `mem_other` text,
  `mem_talent` text,
  `mem_prof1` text,
  `mem_prof2` text,
  `mem_photo` varchar(100) DEFAULT NULL,
  `mem_reg_date` datetime DEFAULT NULL,
  `mem_active` enum('N','Y') NOT NULL DEFAULT 'N',
  `mem_role` int(11) NOT NULL,
  `mem_last_login` datetime NOT NULL,
  `mem_last_ip` varchar(20) NOT NULL DEFAULT '',
  `mem_club_admin` int(10) unsigned NOT NULL DEFAULT '0',
  PRIMARY KEY (`mem_id`),
  UNIQUE KEY `mem_user_2` (`mem_user`),
  KEY `mem_user` (`mem_user`)
) ENGINE=MyISAM  DEFAULT CHARSET=utf8 AUTO_INCREMENT=45 ;

--
-- dump ตาราง `member`
--

INSERT INTO `member` (`mem_id`, `mem_user`, `mem_pass`, `mem_fname_th`, `mem_fname_en`, `mem_lname_th`, `mem_lname_en`, `mem_disp_name`, `mem_birth`, `mem_nation`, `mem_race`, `mem_religion`, `mem_nation_id`, `mem_position`, `mem_org_name`, `mem_org_prov`, `mem_email`, `mem_mobile`, `mem_tel`, `mem_fax`, `mem_teach`, `mem_other`, `mem_talent`, `mem_prof1`, `mem_prof2`, `mem_photo`, `mem_reg_date`, `mem_active`, `mem_role`, `mem_last_login`, `mem_last_ip`, `mem_club_admin`) VALUES
(1, 'user1', 'user1', 'ว่าที่ รต.ชอบ', 'name01', 'สมบุญเพ็ญ', 'surname01', 'ว่าที่ รต.ชอบ สมบุญเ', '0000-00-00', 'ไทย', 'ไทย', 'พุทธ', '1234567890001', '1', '', '', 'bpcd08@yahoo.com', '0886244818', '023456701', '', '', '', '', '', '', '', '0000-00-00 00:00:00', 'Y', 1, '0000-00-00 00:00:00', '192.168.1.1', 0),
(2, 'user2', 'user2', 'นายเสน่ห์', 'name02', 'ศรีวิลัย', 'surname02', 'นายเสน่ห์ ศรีวิลัย', '0000-00-00', 'ไทย', 'ไทย', 'พุทธ', '1234567890002', '1', '', '', 'ratchaburi2@gmail.com', '0818566509', '023456702', '', '', '', '', '', '', '', '0000-00-00 00:00:00', 'Y', 1, '0000-00-00 00:00:00', '192.168.1.2', 0),
(3, 'user3', 'user3', 'นายไพรัตน์', 'name03', 'พรมมา', 'surname03', 'นายไพรัตน์ พรมมา', '0000-00-00', 'ไทย', 'ไทย', 'พุทธ', '1234567890003', '1', '', '', 'promp07@gmail.com', '0894817145', '023456703', '', '', '', '', '', '', '', '0000-00-00 00:00:00', 'Y', 1, '0000-00-00 00:00:00', '192.168.1.3', 0),
(4, 'user4', 'user4', 'นายสุภาพ', 'name04', 'รอดละมูล', 'surname04', 'นายสุภาพ รอดละมูล', '0000-00-00', 'ไทย', 'ไทย', 'พุทธ', '1234567890004', '1', '', '', 'user4@gmail.com', '0812345678', '023456704', '', '', '', '', '', '', '', '0000-00-00 00:00:00', 'Y', 1, '0000-00-00 00:00:00', '192.168.1.4', 0),
(5, 'user5', 'user5', 'นายจุฑาภรณ์', 'name05', 'สัมปชัญญสถิตย์', 'surname05', 'นายจุฑาภรณ์ สัมปชัญญ', '0000-00-00', 'ไทย', 'ไทย', 'พุทธ', '1234567890005', '1', '', '', 'user5@gmail.com', '0812345679', '023456705', '', '', '', '', '', '', '', '0000-00-00 00:00:00', 'Y', 1, '0000-00-00 00:00:00', '192.168.1.5', 0),
(6, 'user6', 'user6', 'นายสมพร', 'name06', 'ขันติโก', 'surname06', 'นายสมพร ขันติโก', '0000-00-00', 'ไทย', 'ไทย', 'พุทธ', '1234567890006', '1', '', '', 'user6@gmail.com', '0812345680', '023456706', '', '', '', '', '', '', '', '0000-00-00 00:00:00', 'Y', 1, '0000-00-00 00:00:00', '192.168.1.6', 0),
(7, 'user7', 'user7', 'นายสมชาย', 'name07', 'เยื้องไมตรีภิรมย์', 'surname07', 'นายสมชาย เยื้องไมตรี', '0000-00-00', 'ไทย', 'ไทย', 'พุทธ', '1234567890007', '1', '', '', 'user7@gmail.com', '0812345681', '023456707', '', '', '', '', '', '', '', '0000-00-00 00:00:00', 'Y', 1, '0000-00-00 00:00:00', '192.168.1.7', 0),
(8, 'user8', 'user8', 'นายธีรพจน์', 'name08', 'เครือพานิช', 'surname08', 'นายธีรพจน์ เครือพานิ', '0000-00-00', 'ไทย', 'ไทย', 'พุทธ', '1234567890008', '1', '', '', 'user8@gmail.com', '0812345682', '023456708', '', '', '', '', '', '', '', '0000-00-00 00:00:00', 'Y', 1, '0000-00-00 00:00:00', '192.168.1.8', 0),
(9, 'user9', 'user9', 'นายจักริน', 'name09', 'จิตผ่องแท้', 'surname09', 'นายจักริน จิตผ่องแท้', '0000-00-00', 'ไทย', 'ไทย', 'พุทธ', '1234567890009', '1', '', '', 'user9@gmail.com', '0812345683', '023456709', '', '', '', '', '', '', '', '0000-00-00 00:00:00', 'Y', 1, '0000-00-00 00:00:00', '192.168.1.9', 0),
(10, 'user10', 'user10', 'นายศักดิ์', 'name10', 'ศศิกุลกมล', 'surname10', 'นายศักดิ์ ศศิกุลกมล', '0000-00-00', 'ไทย', 'ไทย', 'พุทธ', '1234567890010', '1', '', '', 'user10@gmail.com', '0812345684', '023456710', '', '', '', '', '', '', '', '0000-00-00 00:00:00', 'Y', 1, '0000-00-00 00:00:00', '192.168.1.10', 0),
(11, 'user11', 'user11', 'นายอดุลชัย', 'name11', 'โคตะวีระ', 'surname11', 'นายอดุลชัย โคตะวีระ', '0000-00-00', 'ไทย', 'ไทย', 'พุทธ', '1234567890011', '1', '', '', 'user11@gmail.com', '0812345685', '023456711', '', '', '', '', '', '', '', '0000-00-00 00:00:00', 'Y', 1, '0000-00-00 00:00:00', '192.168.1.11', 0),
(12, 'user12', 'user12', 'นายศุภวัฒน์', 'name12', 'ปากเมย', 'surname12', 'นายศุภวัฒน์ ปากเมย', '0000-00-00', 'ไทย', 'ไทย', 'พุทธ', '1234567890012', '1', '', '', 'user12@gmail.com', '0812345686', '023456712', '', '', '', '', '', '', '', '0000-00-00 00:00:00', 'Y', 1, '0000-00-00 00:00:00', '192.168.1.12', 0),
(13, 'user13', 'user13', 'นายสมเกียรติ', 'name13', 'ทองเกษม', 'surname13', 'นายสมเกียรติ ทองเกษม', '0000-00-00', 'ไทย', 'ไทย', 'พุทธ', '1234567890013', '1', '', '', 'user13@gmail.com', '0812345687', '023456713', '', '', '', '', '', '', '', '0000-00-00 00:00:00', 'Y', 1, '0000-00-00 00:00:00', '192.168.1.13', 0),
(14, 'user14', 'user14', 'นายสร้อยฟ้า', 'name14', 'ประพันธ์วงศ์', 'surname14', 'นายสร้อยฟ้า ประพันธ์', '0000-00-00', 'ไทย', 'ไทย', 'พุทธ', '1234567890014', '1', '', '', 'user14@gmail.com', '0812345688', '023456714', '', '', '', '', '', '', '', '0000-00-00 00:00:00', 'Y', 1, '0000-00-00 00:00:00', '192.168.1.14', 0),
(15, 'user15', 'user15', 'นายวุฒิพงษ์', 'name15', 'วงศ์สุวรรณ', 'surname15', 'นายวุฒิพงษ์ วงศ์สุวร', '0000-00-00', 'ไทย', 'ไทย', 'พุทธ', '1234567890015', '1', '', '', 'user15@gmail.com', '0812345689', '023456715', '', '', '', '', '', '', '', '0000-00-00 00:00:00', 'Y', 1, '0000-00-00 00:00:00', '192.168.1.15', 0),
(16, 'user16', 'user16', 'นางจินดา', 'name16', 'นิยะสม', 'surname16', 'นางจินดา นิยะสม', '0000-00-00', 'ไทย', 'ไทย', 'พุทธ', '1234567890016', '1', '', '', 'user16@gmail.com', '0812345690', '023456716', '', '', '', '', '', '', '', '0000-00-00 00:00:00', 'Y', 1, '0000-00-00 00:00:00', '192.168.1.16', 0),
(17, 'user17', 'user17', 'นายบุญธรรม', 'name17', 'อู่สุวรรณ', 'surname17', 'นายบุญธรรม อู่สุวรรณ', '0000-00-00', 'ไทย', 'ไทย', 'พุทธ', '1234567890017', '1', '', '', 'user17@gmail.com', '0812345691', '023456717', '', '', '', '', '', '', '', '0000-00-00 00:00:00', 'Y', 1, '0000-00-00 00:00:00', '192.168.1.17', 0),
(18, 'user18', 'user18', 'นายสุทัศน์', 'name18', 'ลิมปิยประพันธ์', 'surname18', 'นายสุทัศน์ ลิมปิยประ', '0000-00-00', 'ไทย', 'ไทย', 'พุทธ', '1234567890018', '1', '', '', 'user18@gmail.com', '0812345692', '023456718', '', '', '', '', '', '', '', '0000-00-00 00:00:00', 'Y', 1, '0000-00-00 00:00:00', '192.168.1.18', 0),
(19, 'user19', 'user19', 'นายสิทธิศักดิ์', 'name19', 'อาจหาญ', 'surname19', 'นายสิทธิศักดิ์ อาจหา', '0000-00-00', 'ไทย', 'ไทย', 'พุทธ', '1234567890019', '1', '', '', 'user19@gmail.com', '0812345693', '023456719', '', '', '', '', '', '', '', '0000-00-00 00:00:00', 'Y', 1, '0000-00-00 00:00:00', '192.168.1.19', 0),
(20, 'user20', 'user20', 'นายสมพร', 'name20', 'คำยศ', 'surname20', 'นายสมพร คำยศ', '0000-00-00', 'ไทย', 'ไทย', 'พุทธ', '1234567890020', '1', '', '', 'user20@gmail.com', '0812345694', '023456720', '', '', '', '', '', '', '', '0000-00-00 00:00:00', 'Y', 1, '0000-00-00 00:00:00', '192.168.1.20', 0),
(21, 'user21', 'user21', 'นายสุจิตร์', 'name21', 'แพ่งกุล', 'surname21', 'นายสุจิตร์ แพ่งกุล', '0000-00-00', 'ไทย', 'ไทย', 'พุทธ', '1234567890021', '1', '', '', 'user21@gmail.com', '0812345695', '023456721', '', '', '', '', '', '', '', '0000-00-00 00:00:00', 'Y', 1, '0000-00-00 00:00:00', '192.168.1.21', 0),
(22, 'user22', 'user22', 'นางวชิราภรณ์', 'name22', 'โลหะชาละ', 'surname22', 'นางวชิราภรณ์ โลหะชาล', '0000-00-00', 'ไทย', 'ไทย', 'พุทธ', '1234567890022', '1', '', '', 'user22@gmail.com', '0812345696', '023456722', '', '', '', '', '', '', '', '0000-00-00 00:00:00', 'Y', 1, '0000-00-00 00:00:00', '192.168.1.22', 0),
(23, 'user23', 'user23', 'นายธนกร', 'name23', 'ไชยกุล', 'surname23', 'นายธนกร ไชยกุล', '0000-00-00', 'ไทย', 'ไทย', 'พุทธ', '1234567890023', '1', '', '', 'user23@gmail.com', '0812345697', '023456723', '', '', '', '', '', '', '', '0000-00-00 00:00:00', 'Y', 1, '0000-00-00 00:00:00', '192.168.1.23', 0),
(24, 'user24', 'user24', 'นางกฤชนันท์', 'name24', 'ภู่สวาสดิ์', 'surname24', 'นางกฤชนันท์ ภู่สวาสด', '0000-00-00', 'ไทย', 'ไทย', 'พุทธ', '1234567890024', '1', '', '', 'user24@gmail.com', '0812345698', '023456724', '', '', '', '', '', '', '', '0000-00-00 00:00:00', 'Y', 1, '0000-00-00 00:00:00', '192.168.1.24', 0),
(25, 'user25', 'user25', 'นางสุภาณี', 'name25', 'เอกทองทิพย์', 'surname25', 'นางสุภาณี เอกทองทิพย', '0000-00-00', 'ไทย', 'ไทย', 'พุทธ', '1234567890025', '1', '', '', 'user25@gmail.com', '0812345699', '023456725', '', '', '', '', '', '', '', '0000-00-00 00:00:00', 'Y', 1, '0000-00-00 00:00:00', '192.168.1.25', 0),
(26, 'user26', 'user26', 'นางสาวทัศนันท์', 'name26', 'จวนสาง', 'surname26', 'นางสาวทัศนันท์ จวนสา', '0000-00-00', 'ไทย', 'ไทย', 'พุทธ', '1234567890026', '1', '', '', 'user26@gmail.com', '0812345700', '023456726', '', '', '', '', '', '', '', '0000-00-00 00:00:00', 'Y', 1, '0000-00-00 00:00:00', '192.168.1.26', 0),
(27, 'user27', 'user27', 'นางสุธิลักษณ์', 'name27', 'เกิดสร้างกุล', 'surname27', 'นางสุธิลักษณ์ เกิดสร', '0000-00-00', 'ไทย', 'ไทย', 'พุทธ', '1234567890027', '1', '', '', 'user27@gmail.com', '0812345701', '023456727', '', '', '', '', '', '', '', '0000-00-00 00:00:00', 'Y', 1, '0000-00-00 00:00:00', '192.168.1.27', 0),
(28, 'user28', 'user28', 'นายวิสา', 'name28', 'เพ็ชรธงไชย', 'surname28', 'นายวิสา เพ็ชรธงไชย', '0000-00-00', 'ไทย', 'ไทย', 'พุทธ', '1234567890028', '1', '', '', 'user28@gmail.com', '0812345702', '023456728', '', '', '', '', '', '', '', '0000-00-00 00:00:00', 'Y', 1, '0000-00-00 00:00:00', '192.168.1.28', 0),
(29, 'user29', 'user29', 'นางดรุณี', 'name29', 'มีสังข์', 'surname29', 'นางดรุณี มีสังข์', '0000-00-00', 'ไทย', 'ไทย', 'พุทธ', '1234567890029', '1', '', '', 'user29@gmail.com', '0812345703', '023456729', '', '', '', '', '', '', '', '0000-00-00 00:00:00', 'Y', 1, '0000-00-00 00:00:00', '192.168.1.29', 0),
(30, 'user30', 'user30', 'นายทัศชัย', 'name30', 'อินทร์วิเศษ', 'surname30', 'นายทัศชัย อินทร์วิเศ', '0000-00-00', 'ไทย', 'ไทย', 'พุทธ', '1234567890030', '1', '', '', 'user30@gmail.com', '0812345704', '023456730', '', '', '', '', '', '', '', '0000-00-00 00:00:00', 'Y', 1, '0000-00-00 00:00:00', '192.168.1.30', 0),
(31, 'user31', 'user31', 'นางอารีรัตน์', 'name31', 'พุทธวงศ์', 'surname31', 'นางอารีรัตน์ พุทธวงศ', '0000-00-00', 'ไทย', 'ไทย', 'พุทธ', '1234567890031', '1', '', '', 'user31@gmail.com', '0812345705', '023456731', '', '', '', '', '', '', '', '0000-00-00 00:00:00', 'Y', 1, '0000-00-00 00:00:00', '192.168.1.31', 0),
(32, 'user32', 'user32', 'นายชาตรี', 'name32', 'เนตรวิจิตร์', 'surname32', 'นายชาตรี เนตรวิจิตร์', '0000-00-00', 'ไทย', 'ไทย', 'พุทธ', '1234567890032', '1', '', '', 'user32@gmail.com', '0812345706', '023456732', '', '', '', '', '', '', '', '0000-00-00 00:00:00', 'Y', 1, '0000-00-00 00:00:00', '192.168.1.32', 0),
(33, 'user33', 'user33', 'นางสายพิณ', 'name33', 'ธรรมประศาสน์', 'surname33', 'นางสายพิณ ธรรมประศาส', '0000-00-00', 'ไทย', 'ไทย', 'พุทธ', '1234567890033', '1', '', '', 'user33@gmail.com', '0812345707', '023456733', '', '', '', '', '', '', '', '0000-00-00 00:00:00', 'Y', 1, '0000-00-00 00:00:00', '192.168.1.33', 0),
(34, 'user34', 'user34', 'นายมณี', 'name34', 'จานโอ', 'surname34', 'นายมณี จานโอ', '0000-00-00', 'ไทย', 'ไทย', 'พุทธ', '1234567890034', '1', '', '', 'user34@gmail.com', '0812345708', '023456734', '', '', '', '', '', '', '', '0000-00-00 00:00:00', 'Y', 1, '0000-00-00 00:00:00', '192.168.1.34', 0),
(35, 'user35', 'user35', 'นายกิจ', 'name35', 'บานชื่น', 'surname35', 'นายกิจ บานชื่น', '0000-00-00', 'ไทย', 'ไทย', 'พุทธ', '1234567890035', '1', '', '', 'user35@gmail.com', '0812345709', '023456735', '', '', '', '', '', '', '', '0000-00-00 00:00:00', 'Y', 1, '0000-00-00 00:00:00', '192.168.1.35', 0),
(36, 'user36', 'user36', 'นายสมิทธ์', 'name36', 'สุขขี', 'surname36', 'นายสมิทธ์ สุขขี', '0000-00-00', 'ไทย', 'ไทย', 'พุทธ', '1234567890036', '1', '', '', 'user36@gmail.com', '0812345710', '023456736', '', '', '', '', '', '', '', '0000-00-00 00:00:00', 'Y', 1, '0000-00-00 00:00:00', '192.168.1.36', 0),
(37, 'user37', 'user37', 'นายโกสุม', 'name37', 'ธนะไพบูลย์', 'surname37', 'นายโกสุม ธนะไพบูลย์', '0000-00-00', 'ไทย', 'ไทย', 'พุทธ', '1234567890037', '1', '', '', 'user37@gmail.com', '0812345711', '023456737', '', '', '', '', '', '', '', '0000-00-00 00:00:00', 'Y', 1, '0000-00-00 00:00:00', '192.168.1.37', 0),
(38, 'user38', 'user38', 'นายอภิชาติ', 'name38', 'อนุกูลเวช', 'surname38', 'นายอภิชาติ อนุกูลเวช', '0000-00-00', 'ไทย', 'ไทย', 'พุทธ', '1234567890038', '1', '', '', 'user38@gmail.com', '0812345712', '023456738', '', '', '', '', '', '', '', '0000-00-00 00:00:00', 'Y', 1, '0000-00-00 00:00:00', '192.168.1.38', 0),
(39, 'sysadmin', 'sysadmin', 'ผู้บริหารระบบ', 'admin', 'เครือข่ายคอมพิวเตอร์', 'administrator', 'ผู้บริหารระบบ', '0000-00-00', 'ไทย', 'ไทย', 'พุทธ', '1234567890123', '0', 'สำนักพัฒนาครูและบุคลากรอาชีวศึกษา', 'ชลบุรี', 'mail@gmail.com', '0812345678', '12312312', '2312323', '23123', '123213', '123123', NULL, NULL, NULL, NULL, 'Y', 2, '0000-00-00 00:00:00', '', 0),
(41, 'smith', '123456', 'สมิทธ์', NULL, 'สุขขี', NULL, NULL, NULL, NULL, NULL, NULL, NULL, NULL, NULL, NULL, NULL, NULL, NULL, NULL, NULL, NULL, NULL, NULL, NULL, NULL, NULL, 'N', 1, '0000-00-00 00:00:00', '', 36),
(44, 'alongkorn', '123456', 'อลงกรณ์', NULL, 'ภูคงคา', NULL, NULL, NULL, NULL, NULL, NULL, NULL, NULL, NULL, NULL, NULL, NULL, NULL, NULL, NULL, NULL, NULL, NULL, NULL, NULL, '2013-06-23 15:06:53', 'N', 1, '0000-00-00 00:00:00', '', 0);

-- --------------------------------------------------------

--
-- โครงสร้างตาราง `news`
--

CREATE TABLE IF NOT EXISTS `news` (
  `news_id` int(10) unsigned NOT NULL AUTO_INCREMENT,
  `news_title` varchar(100) DEFAULT NULL,
  `news_detail` text,
  `news_url` varchar(100) DEFAULT NULL,
  `news_by` int(10) unsigned DEFAULT NULL,
  `news_level` enum('PUBLIC','MEMBER','CLUBMEMBER') NOT NULL DEFAULT 'PUBLIC',
  `news_date` datetime DEFAULT NULL,
  `news_pin` enum('N','Y') NOT NULL DEFAULT 'N',
  PRIMARY KEY (`news_id`)
) ENGINE=MyISAM  DEFAULT CHARSET=utf8 AUTO_INCREMENT=6 ;

--
-- dump ตาราง `news`
--

INSERT INTO `news` (`news_id`, `news_title`, `news_detail`, `news_url`, `news_by`, `news_level`, `news_date`, `news_pin`) VALUES
(1, 'test', 'test', 'test', 3, 'PUBLIC', '2013-06-17 11:41:00', 'N'),
(2, 'ทดสอบข่าว', 'ทดสอบระบบข่าว', 'www.cstc.ac.th', 3, 'PUBLIC', '2013-06-17 11:45:04', 'N'),
(3, 'test', 'test', 'test', 0, 'PUBLIC', '2013-06-21 01:03:55', 'N'),
(4, 'test5', 'test5', 'www.cstc.ac.th', 0, 'PUBLIC', '2013-06-21 01:04:24', 'Y'),
(5, 'ทดสอบระบบข่าว', 'ทดสอบระบบข่าว', 'www.cstc.ac.th', 0, 'PUBLIC', '2013-06-24 03:15:40', 'N');

-- --------------------------------------------------------

--
-- โครงสร้างตาราง `news_like`
--

CREATE TABLE IF NOT EXISTS `news_like` (
  `like_id` int(10) unsigned NOT NULL AUTO_INCREMENT,
  `news_id` int(10) unsigned DEFAULT NULL,
  `mem_id` int(10) unsigned DEFAULT NULL,
  `like_date` datetime DEFAULT NULL,
  PRIMARY KEY (`like_id`),
  UNIQUE KEY `news_id` (`news_id`,`mem_id`)
) ENGINE=MyISAM DEFAULT CHARSET=utf8 AUTO_INCREMENT=1 ;

-- --------------------------------------------------------

--
-- โครงสร้างตาราง `position`
--

CREATE TABLE IF NOT EXISTS `position` (
  `pos_id` int(10) unsigned NOT NULL AUTO_INCREMENT,
  `pos_name_th` varchar(100) DEFAULT NULL,
  `pos_name_en` varchar(100) DEFAULT NULL,
  `pos_order` int(11) NOT NULL,
  `pos_max_member` tinyint(4) NOT NULL DEFAULT '1',
  PRIMARY KEY (`pos_id`)
) ENGINE=MyISAM  DEFAULT CHARSET=utf8 AUTO_INCREMENT=7 ;

--
-- dump ตาราง `position`
--

INSERT INTO `position` (`pos_id`, `pos_name_th`, `pos_name_en`, `pos_order`, `pos_max_member`) VALUES
(1, 'ประธาน', 'President', 1, 1),
(2, 'รองประธาน', 'Vice President', 2, 3),
(3, 'กรรมการ', 'Committee', 3, 1),
(4, 'เลขานุการ', 'Secretary', 4, 1),
(5, 'เหรัญญิก', 'tresurer', 5, 1),
(6, 'สมาชิก', 'member', 6, 0);

/*!40101 SET CHARACTER_SET_CLIENT=@OLD_CHARACTER_SET_CLIENT */;
/*!40101 SET CHARACTER_SET_RESULTS=@OLD_CHARACTER_SET_RESULTS */;
/*!40101 SET COLLATION_CONNECTION=@OLD_COLLATION_CONNECTION */;
